subject,class,windows,ax_mean,ax_mean_std_between_windows,ay_mean,ay_mean_std_between_windows,az_mean,az_mean_std_between_windows,gx_mean,gx_mean_std_between_windows,gy_mean,gy_mean_std_between_windows,gz_mean,gz_mean_std_between_windows,acc_mag_mean,acc_mag_std,gyro_mag_mean,gyro_mag_std
1,LYING,270,4.493300437927246,3.0251379013061523,2.5624566078186035,3.625575065612793,3.762603521347046,5.544524669647217,0.007555935997515917,0.0921284481883049,0.004075674805790186,0.15944211184978485,-0.0018972273683175445,0.167448490858078,9.795578002929688,0.2348080277442932,0.1855020374059677,0.13022774457931519
1,SITTING,233,-1.7409471273422241,3.797654867172241,6.958682060241699,1.922583818435669,4.6024017333984375,1.8649877309799194,-0.0001587755250511691,0.11644455045461655,-0.003693614387884736,0.14673563838005066,-0.00904985424131155,0.1482313722372055,9.777473449707031,0.24425598978996277,0.21167847514152527,0.1525462567806244
1,STANDING,216,-4.017518043518066,5.001298427581787,5.970693588256836,2.3927037715911865,3.0361874103546143,1.278609275817871,0.01411447487771511,0.15506543219089508,-0.002915611257776618,0.12402709573507309,-0.013055533170700073,0.19831682741641998,9.771448135375977,0.3544241487979889,0.3050846755504608,0.23861178755760193
2,LYING,233,5.8358941078186035,3.561310052871704,2.951864242553711,0.8449950218200684,5.837724208831787,1.314365029335022,-0.010050398297607899,0.1508522778749466,0.020655998960137367,0.14914868772029877,0.0018498876597732306,0.18042300641536713,9.706426620483398,0.28592079877853394,0.19512750208377838,0.1588602364063263
2,SITTING,222,-2.162858486175537,2.4088633060455322,6.570218086242676,2.5368776321411133,5.1731157302856445,2.2122106552124023,-0.009380482137203217,0.10283336788415909,0.021275188773870468,0.12923352420330048,0.0031598261557519436,0.23857209086418152,9.77951717376709,0.5467370748519897,0.35906267166137695,0.2833526134490967
2,STANDING,254,-8.506736755371094,0.38166218996047974,4.6390299797058105,0.5257145762443542,0.5846564769744873,0.7002686858177185,-0.001316910027526319,0.07613562047481537,0.0052385698072612286,0.05000772699713707,-0.0033267212565988302,0.05581245198845863,9.794201850891113,0.21956180036067963,0.17069712281227112,0.11923421919345856
3,LYING,219,6.426283836364746,3.466261148452759,1.3053276538848877,2.3951971530914307,5.507763385772705,1.428563117980957,-0.00018768114387057722,0.159975066781044,0.0011506493901833892,0.20063012838363647,0.0057462239637970924,0.13175110518932343,9.776554107666016,0.23000390827655792,0.2076803296804428,0.13485358655452728
3,SITTING,286,-0.2839048206806183,1.1743992567062378,5.8595290184021,2.840388536453247,5.832218170166016,3.933912515640259,0.007049308158457279,0.14964164793491364,0.0199980977922678,0.09083442389965057,-0.0026548716705292463,0.1638566255569458,9.805542945861816,0.31554552912712097,0.21546268463134766,0.17029958963394165
3,STANDING,204,-6.166082859039307,4.312837600708008,3.728969097137451,2.018449544906616,3.42374849319458,2.218059778213501,-0.005017635878175497,0.21728397905826569,0.022116417065262794,0.14738506078720093,0.00402808329090476,0.24841389060020447,9.804631233215332,0.44701650738716125,0.4309254586696625,0.35572731494903564
4,LYING,229,3.8947231769561768,3.4213244915008545,0.16465871036052704,1.3072012662887573,7.841348171234131,1.64558744430542,-0.0018968904623761773,0.11791389435529709,0.0012903552269563079,0.1135326698422432,0.004978043958544731,0.145503968000412,9.731975555419922,0.27260681986808777,0.15455862879753113,0.10502208024263382
4,SITTING,253,-2.7498741149902344,1.383387804031372,5.589588642120361,1.0091034173965454,7.12057638168335,1.0269454717636108,0.006291520781815052,0.06927307695150375,0.002324738074094057,0.08706310391426086,-0.006456103641539812,0.07621151208877563,9.731675148010254,0.24065905809402466,0.16660504043102264,0.14233727753162384
4,STANDING,246,-8.244280815124512,2.2410433292388916,3.285728931427002,1.2916871309280396,2.4560437202453613,1.1379021406173706,0.00540063064545393,0.14076383411884308,0.0012306207790970802,0.12822122871875763,-0.0037513249553740025,0.1795957386493683,9.801994323730469,0.5044302344322205,0.421949177980423,0.3478125035762787
5,LYING,235,0.08549685031175613,2.4973812103271484,7.06026029586792,1.1511210203170776,5.8174943923950195,1.2512917518615723,-0.0008253244450315833,0.08768250793218613,0.0036255160812288523,0.08217696100473404,-0.005841799080371857,0.029967274516820908,9.677367210388184,0.18849273025989532,0.10903612524271011,0.07547193765640259
5,SITTING,267,0.7946799397468567,3.7739322185516357,4.202647686004639,5.603076457977295,4.1426591873168945,3.1118221282958984,0.0030008130706846714,0.2197941541671753,0.0030928512569516897,0.1301615685224533,-0.006898805964738131,0.19762952625751495,9.74213695526123,0.419332355260849,0.38146457076072693,0.3078097701072693
5,STANDING,220,-6.627795219421387,4.228153705596924,3.9755499362945557,2.254265785217285,2.862334728240967,1.5763028860092163,0.004123936407268047,0.2818896174430847,-0.001166258123703301,0.1582176834344864,-0.0082432571798563,0.20715853571891785,9.851580619812012,0.5925184488296509,0.9435365796089172,0.5613095164299011
6,LYING,232,4.07213830947876,3.360596179962158,-0.05695875734090805,1.0029997825622559,7.746219635009766,1.7496696710586548,-0.018682103604078293,0.14443433284759521,0.006910406984388828,0.08131749927997589,0.0026986757293343544,0.11212841421365738,9.675176620483398,0.3139820992946625,0.17850469052791595,0.1297914832830429
6,SITTING,229,-1.012608528137207,2.1189019680023193,7.242912292480469,2.582331895828247,4.973339557647705,1.8916075229644775,-0.002131375018507242,0.09244047850370407,-0.0016195022035390139,0.10401063412427902,0.0026603802107274532,0.114622563123703,9.733871459960938,0.33935976028442383,0.22021356225013733,0.17747372388839722
6,STANDING,242,-5.442916393280029,3.996535539627075,3.586261034011841,1.440920352935791,5.195310115814209,2.1707351207733154,0.000592831231188029,0.12454899400472641,0.004793343599885702,0.10148968547582626,-0.0012019091518595815,0.13416890799999237,9.717418670654297,0.49678632616996765,0.3541906774044037,0.2946414649486542
7,LYING,255,-0.10022130608558655,2.138388156890869,4.3850226402282715,0.5544613599777222,8.245110511779785,1.6323775053024292,0.00019328267080709338,0.06329090893268585,9.50158791965805e-05,0.07158811390399933,-0.007551716174930334,0.036748215556144714,9.766170501708984,0.15964408218860626,0.07678886502981186,0.046064697206020355
7,SITTING,121,-2.4841907024383545,2.0372695922851562,6.045281410217285,1.2007118463516235,6.6278533935546875,1.6752821207046509,-0.0008727676467970014,0.059265922755002975,-0.006396125070750713,0.061279892921447754,-0.0009669156861491501,0.05473003163933754,9.775547981262207,0.1738596260547638,0.10187660902738571,0.057039111852645874
7,STANDING,256,-8.958894729614258,0.9780076146125793,3.110961437225342,0.9031110405921936,1.4694362878799438,0.7711212635040283,0.00048783235251903534,0.09432938694953918,0.0035524279810488224,0.05463104695081711,-0.004019305109977722,0.14270639419555664,9.786012649536133,0.2507743239402771,0.21597832441329956,0.19013045728206635
8,LYING,240,5.557944297790527,3.3830525875091553,-2.249368906021118,0.8096849918365479,6.557204246520996,1.313144326210022,-0.009747500531375408,0.07297961413860321,-0.004645061679184437,0.05294639244675636,-0.004853891208767891,0.14883893728256226,9.683573722839355,0.1696133315563202,0.09986718744039536,0.06471993774175644
8,SITTING,228,-2.2497167587280273,1.2483487129211426,-7.817678928375244,1.9196025133132935,3.4881162643432617,3.032932758331299,-0.010037430562078953,0.11096084862947464,-0.000957675336394459,0.07866387814283371,-0.011853834614157677,0.054130446165800095,9.739591598510742,0.32486364245414734,0.20645129680633545,0.22497521340847015
8,STANDING,250,-8.038020133972168,3.152404546737671,-1.9665557146072388,2.481947183609009,2.628650426864624,1.0459755659103394,-0.012247459962964058,0.16349399089813232,0.005853988695889711,0.1282845437526703,-0.012700477614998817,0.2036941647529602,9.752930641174316,0.36253607273101807,0.2785806357860565,0.25138363242149353
