activity_label,subject_id,session_id,start_timestamp_s,end_timestamp_s,samples,duration_s,acc_mag_mean,acc_mag_std,gyro_mag_mean,gyro_mag_std
FALL,1,1,1.16,3.15,200,1.99,9.772232444883073,0.09413802012150815,16.772997293014853,5.789140143866218
LYING,1,1,10.06,12.05,200,1.9900000000000002,9.77421534863941,0.07415513490692906,4.423957217293541,2.202899584725838
RUNNING,1,1,8.51,10.5,200,1.9900000000000002,9.83136658035053,0.6765539168341306,171.5129110670865,33.35858871032152
SITTING,1,1,5.7,7.69,200,1.9900000000000002,9.744020480539666,0.06354030355022096,3.882313872383564,1.9851062735256932
SIT_TO_STAND,1,1,5.63,7.62,200,1.9900000000000002,9.733704509170144,0.09092460252141694,0.9202753080919902,0.37026069811904255
STAIRS,1,1,11.17,13.16,200,1.9900000000000002,9.871752327444854,0.7931377520513536,74.81975000572851,15.939001169725104
STANDING,1,1,1.11,3.1,200,1.99,9.745496589744198,0.06031066372931304,4.3225505632162955,2.452791968027902
STAND_TO_SIT,1,1,9.07,11.06,200,1.9900000000000002,9.766586589835446,0.07349441901414842,0.8765825249476964,0.36929219838038746
WALKING,1,1,2.62,4.61,200,1.9900000000000002,9.755229504079683,0.29065694297588196,52.25901265873292,11.628241292977938
