activity_label,subject_id,session_id,start_timestamp_s,end_timestamp_s,samples,acc_mag_mean,acc_mag_std,gyro_mag_mean,gyro_mag_std,mag_mag_mean,mag_mag_std,event_start_s,event_end_s
FALL,1,1,6.25,8.24,200,9.531824661029663,0.9886019863469373,40.655980236308224,55.216909139539,39.385090489164774,1.1652210318172638,6.776654,7.718594
LYING,1,1,1.16,3.15,200,9.735088323257969,0.06699922219197486,1.693046947214786,0.5816466664417037,41.88957370386051,0.7110051490100839,,
RUNNING,1,1,10.06,12.05,200,9.747702850850464,0.4359909333026653,7.350961785033735,3.082324655954738,36.91978610631641,0.5955954793568164,,
SITTING,1,1,8.51,10.5,200,9.702674552993258,0.06734431327634899,2.063221087469006,0.9781556254918748,37.0349928209376,0.6567020709932389,,
SIT_TO_STAND,1,1,5.55,7.54,200,9.750887114415061,0.265350053013137,24.009487014842243,15.774847283671047,39.24457270729899,0.7604099218277683,5.727364,7.359273
STAIRS,1,1,5.7,7.69,200,9.762813944259094,0.3915459301718832,11.154599920586033,4.240801515427893,42.85867082742327,0.7260110799340981,,
STANDING,1,1,5.63,7.62,200,9.696907026637021,0.0649771394032125,1.7890294657809769,0.8981052944820783,44.6154378635374,0.6590152589407959,,
STAND_TO_SIT,1,1,5.08,7.07,200,9.747533274077501,0.17914217719698114,28.480022347356076,17.688185222568706,37.72805117708867,0.6348445466004509,5.210795,6.933998
WALKING,1,1,11.17,13.16,200,9.740781443659726,0.31333069900321375,5.535657979788161,1.9546509639510472,38.23738521534487,0.5527156730731174,,
